Record ID,Nombre de la Banda
"a0Dak00000O6OQ2EAN","Banda 401"
"a0Dak00000O6OQ3EAN","Banda 402"
"a0Dak00000O6OQ4EAN","Banda 403"
"a0Dak00000O6OQ5EAN","Banda 404"
"a0Dak00000O6OQ6EAN","Banda 405"
"a0Dak00000O6OQ7EAN","Banda 406"
"a0Dak00000O6OQ8EAN","Banda 407"
"a0Dak00000O6OQ9EAN","Banda 408"
"a0Dak00000O6OQAEA3","Banda 409"
"a0Dak00000O6OQBEA3","Banda 410"
"a0Dak00000O6OQCEA3","Banda 411"
"a0Dak00000O6OQDEA3","Banda 412"
"a0Dak00000O6OQEEA3","Banda 413"
"a0Dak00000O6OQFEA3","Banda 414"
"a0Dak00000O6OQGEA3","Banda 415"
"a0Dak00000O6OQHEA3","Banda 416"
"a0Dak00000O6OQIEA3","Banda 417"
"a0Dak00000O6OQJEA3","Banda 418"
"a0Dak00000O6OQKEA3","Banda 419"
"a0Dak00000O6OQLEA3","Banda 420"
"a0Dak00000O6OQMEA3","Banda 421"
"a0Dak00000O6OQNEA3","Banda 422"
"a0Dak00000O6OQOEA3","Banda 423"
"a0Dak00000O6OQPEA3","Banda 424"
"a0Dak00000O6OQQEA3","Banda 425"
"a0Dak00000O6OQREA3","Banda 426"
"a0Dak00000O6OQSEA3","Banda 427"
"a0Dak00000O6OQTEA3","Banda 428"
"a0Dak00000O6OQUEA3","Banda 429"
"a0Dak00000O6OQVEA3","Banda 430"
"a0Dak00000O6OQWEA3","Banda 431"
"a0Dak00000O6OQXEA3","Banda 432"
"a0Dak00000O6OQYEA3","Banda 433"
"a0Dak00000O6OQZEA3","Banda 434"
"a0Dak00000O6OQaEAN","Banda 435"
"a0Dak00000O6OQbEAN","Banda 436"
"a0Dak00000O6OQcEAN","Banda 437"
"a0Dak00000O6OQdEAN","Banda 438"
"a0Dak00000O6OQeEAN","Banda 439"
"a0Dak00000O6OQfEAN","Banda 440"
"a0Dak00000O6OQgEAN","Banda 441"
"a0Dak00000O6OQhEAN","Banda 442"
"a0Dak00000O6OQiEAN","Banda 443"
"a0Dak00000O6OQjEAN","Banda 444"
"a0Dak00000O6OQkEAN","Banda 445"
"a0Dak00000O6OQlEAN","Banda 446"
"a0Dak00000O6OQmEAN","Banda 447"
"a0Dak00000O6OQnEAN","Banda 448"
"a0Dak00000O6OQoEAN","Banda 449"
"a0Dak00000O6OQpEAN","Banda 450"
"a0Dak00000O6OQqEAN","Banda 451"
"a0Dak00000O6OQrEAN","Banda 452"
"a0Dak00000O6OQsEAN","Banda 453"
"a0Dak00000O6OQtEAN","Banda 454"
"a0Dak00000O6OQuEAN","Banda 455"
"a0Dak00000O6OQvEAN","Banda 456"
"a0Dak00000O6OQwEAN","Banda 457"
"a0Dak00000O6OQxEAN","Banda 458"
"a0Dak00000O6OQyEAN","Banda 459"
"a0Dak00000O6OQzEAN","Banda 460"
"a0Dak00000O6OR0EAN","Banda 461"
"a0Dak00000O6OR1EAN","Banda 462"
"a0Dak00000O6OR2EAN","Banda 463"
"a0Dak00000O6OR3EAN","Banda 464"
"a0Dak00000O6OR4EAN","Banda 465"
"a0Dak00000O6OR5EAN","Banda 466"
"a0Dak00000O6OR6EAN","Banda 467"
"a0Dak00000O6OR7EAN","Banda 468"
"a0Dak00000O6OR8EAN","Banda 469"
"a0Dak00000O6OR9EAN","Banda 470"
"a0Dak00000O6ORAEA3","Banda 471"
"a0Dak00000O6ORBEA3","Banda 472"
"a0Dak00000O6ORCEA3","Banda 473"
"a0Dak00000O6ORDEA3","Banda 474"
"a0Dak00000O6OREEA3","Banda 475"
"a0Dak00000O6ORFEA3","Banda 476"
"a0Dak00000O6ORGEA3","Banda 477"
"a0Dak00000O6ORHEA3","Banda 478"
"a0Dak00000O6ORIEA3","Banda 479"
"a0Dak00000O6ORJEA3","Banda 480"
"a0Dak00000O6ORKEA3","Banda 481"
"a0Dak00000O6ORLEA3","Banda 482"
"a0Dak00000O6ORMEA3","Banda 483"
"a0Dak00000O6ORNEA3","Banda 484"
"a0Dak00000O6OROEA3","Banda 485"
"a0Dak00000O6ORPEA3","Banda 486"
"a0Dak00000O6ORQEA3","Banda 487"
"a0Dak00000O6ORREA3","Banda 488"
"a0Dak00000O6ORSEA3","Banda 489"
"a0Dak00000O6ORTEA3","Banda 490"
"a0Dak00000O6ORUEA3","Banda 491"
"a0Dak00000O6ORVEA3","Banda 492"
"a0Dak00000O6ORWEA3","Banda 493"
"a0Dak00000O6ORXEA3","Banda 494"
"a0Dak00000O6ORYEA3","Banda 495"
"a0Dak00000O6ORZEA3","Banda 496"
"a0Dak00000O6ORaEAN","Banda 497"
"a0Dak00000O6ORbEAN","Banda 498"
"a0Dak00000O6ORcEAN","Banda 499"
"a0Dak00000O6QoPEAV","Banda 1"
"a0Dak00000O6QoQEAV","Banda 2"
"a0Dak00000O6QoREAV","Banda 3"
"a0Dak00000O6QoSEAV","Banda 4"
"a0Dak00000O6QoTEAV","Banda 5"
"a0Dak00000O6QoUEAV","Banda 6"
"a0Dak00000O6QoVEAV","Banda 7"
"a0Dak00000O6QoWEAV","Banda 8"
"a0Dak00000O6QoXEAV","Banda 9"
"a0Dak00000O6QoYEAV","Banda 10"
"a0Dak00000O6QoZEAV","Banda 11"
"a0Dak00000O6QoaEAF","Banda 12"
"a0Dak00000O6QobEAF","Banda 13"
"a0Dak00000O6QocEAF","Banda 14"
"a0Dak00000O6QodEAF","Banda 15"
"a0Dak00000O6QoeEAF","Banda 16"
"a0Dak00000O6QofEAF","Banda 17"
"a0Dak00000O6QogEAF","Banda 18"
"a0Dak00000O6QohEAF","Banda 19"
"a0Dak00000O6QoiEAF","Banda 20"
"a0Dak00000O6QojEAF","Banda 21"
"a0Dak00000O6QokEAF","Banda 22"
"a0Dak00000O6QolEAF","Banda 23"
"a0Dak00000O6QomEAF","Banda 24"
"a0Dak00000O6QonEAF","Banda 25"
"a0Dak00000O6QooEAF","Banda 26"
"a0Dak00000O6QopEAF","Banda 27"
"a0Dak00000O6QoqEAF","Banda 28"
"a0Dak00000O6QorEAF","Banda 29"
"a0Dak00000O6QosEAF","Banda 30"
"a0Dak00000O6QotEAF","Banda 31"
"a0Dak00000O6QouEAF","Banda 32"
"a0Dak00000O6QovEAF","Banda 33"
"a0Dak00000O6QowEAF","Banda 34"
"a0Dak00000O6QoxEAF","Banda 35"
"a0Dak00000O6QoyEAF","Banda 36"
"a0Dak00000O6QozEAF","Banda 37"
"a0Dak00000O6Qp0EAF","Banda 38"
"a0Dak00000O6Qp1EAF","Banda 39"
"a0Dak00000O6Qp2EAF","Banda 40"
"a0Dak00000O6Qp3EAF","Banda 41"
"a0Dak00000O6Qp4EAF","Banda 42"
"a0Dak00000O6Qp5EAF","Banda 43"
"a0Dak00000O6Qp6EAF","Banda 44"
"a0Dak00000O6Qp7EAF","Banda 45"
"a0Dak00000O6Qp8EAF","Banda 46"
"a0Dak00000O6Qp9EAF","Banda 47"
"a0Dak00000O6QpAEAV","Banda 48"
"a0Dak00000O6QpBEAV","Banda 49"
"a0Dak00000O6QpCEAV","Banda 50"
"a0Dak00000O6QpDEAV","Banda 51"
"a0Dak00000O6QpEEAV","Banda 52"
"a0Dak00000O6QpFEAV","Banda 53"
"a0Dak00000O6QpGEAV","Banda 54"
"a0Dak00000O6QpHEAV","Banda 55"
"a0Dak00000O6QpIEAV","Banda 56"
"a0Dak00000O6QpJEAV","Banda 57"
"a0Dak00000O6QpKEAV","Banda 58"
"a0Dak00000O6QpLEAV","Banda 59"
"a0Dak00000O6QpMEAV","Banda 60"
"a0Dak00000O6QpNEAV","Banda 61"
"a0Dak00000O6QpOEAV","Banda 62"
"a0Dak00000O6QpPEAV","Banda 63"
"a0Dak00000O6QpQEAV","Banda 64"
"a0Dak00000O6QpREAV","Banda 65"
"a0Dak00000O6QpSEAV","Banda 66"
"a0Dak00000O6QpTEAV","Banda 67"
"a0Dak00000O6QpUEAV","Banda 68"
"a0Dak00000O6QpVEAV","Banda 69"
"a0Dak00000O6QpWEAV","Banda 70"
"a0Dak00000O6QpXEAV","Banda 71"
"a0Dak00000O6QpYEAV","Banda 72"
"a0Dak00000O6QpZEAV","Banda 73"
"a0Dak00000O6QpaEAF","Banda 74"
"a0Dak00000O6QpbEAF","Banda 75"
"a0Dak00000O6QpcEAF","Banda 76"
"a0Dak00000O6QpdEAF","Banda 77"
"a0Dak00000O6QpeEAF","Banda 78"
"a0Dak00000O6QpfEAF","Banda 79"
"a0Dak00000O6QpgEAF","Banda 80"
"a0Dak00000O6QphEAF","Banda 81"
"a0Dak00000O6QpiEAF","Banda 82"
"a0Dak00000O6QpjEAF","Banda 83"
"a0Dak00000O6QpkEAF","Banda 84"
"a0Dak00000O6QplEAF","Banda 85"
"a0Dak00000O6QpmEAF","Banda 86"
"a0Dak00000O6QpnEAF","Banda 87"
"a0Dak00000O6QpoEAF","Banda 88"
"a0Dak00000O6QppEAF","Banda 89"
"a0Dak00000O6QpqEAF","Banda 90"
"a0Dak00000O6QprEAF","Banda 91"
"a0Dak00000O6QpsEAF","Banda 92"
"a0Dak00000O6QptEAF","Banda 93"
"a0Dak00000O6QpuEAF","Banda 94"
"a0Dak00000O6QpvEAF","Banda 95"
"a0Dak00000O6QpwEAF","Banda 96"
"a0Dak00000O6QpxEAF","Banda 97"
"a0Dak00000O6QpyEAF","Banda 98"
"a0Dak00000O6QpzEAF","Banda 99"
"a0Dak00000O6Qq0EAF","Banda 100"
"a0Dak00000O6Qq1EAF","Banda 101"
"a0Dak00000O6Qq2EAF","Banda 102"
"a0Dak00000O6Qq3EAF","Banda 103"
"a0Dak00000O6Qq4EAF","Banda 104"
"a0Dak00000O6Qq5EAF","Banda 105"
"a0Dak00000O6Qq6EAF","Banda 106"
"a0Dak00000O6Qq7EAF","Banda 107"
"a0Dak00000O6Qq8EAF","Banda 108"
"a0Dak00000O6Qq9EAF","Banda 109"
"a0Dak00000O6QqAEAV","Banda 110"
"a0Dak00000O6QqBEAV","Banda 111"
"a0Dak00000O6QqCEAV","Banda 112"
"a0Dak00000O6QqDEAV","Banda 113"
"a0Dak00000O6QqEEAV","Banda 114"
"a0Dak00000O6QqFEAV","Banda 115"
"a0Dak00000O6QqGEAV","Banda 116"
"a0Dak00000O6QqHEAV","Banda 117"
"a0Dak00000O6QqIEAV","Banda 118"
"a0Dak00000O6QqJEAV","Banda 119"
"a0Dak00000O6QqKEAV","Banda 120"
"a0Dak00000O6QqLEAV","Banda 121"
"a0Dak00000O6QqMEAV","Banda 122"
"a0Dak00000O6QqNEAV","Banda 123"
"a0Dak00000O6QqOEAV","Banda 124"
"a0Dak00000O6QqPEAV","Banda 125"
"a0Dak00000O6QqQEAV","Banda 126"
"a0Dak00000O6QqREAV","Banda 127"
"a0Dak00000O6QqSEAV","Banda 128"
"a0Dak00000O6QqTEAV","Banda 129"
"a0Dak00000O6QqUEAV","Banda 130"
"a0Dak00000O6QqVEAV","Banda 131"
"a0Dak00000O6QqWEAV","Banda 132"
"a0Dak00000O6QqXEAV","Banda 133"
"a0Dak00000O6QqYEAV","Banda 134"
"a0Dak00000O6QqZEAV","Banda 135"
"a0Dak00000O6QqaEAF","Banda 136"
"a0Dak00000O6QqbEAF","Banda 137"
"a0Dak00000O6QqcEAF","Banda 138"
"a0Dak00000O6QqdEAF","Banda 139"
"a0Dak00000O6QqeEAF","Banda 140"
"a0Dak00000O6QqfEAF","Banda 141"
"a0Dak00000O6QqgEAF","Banda 142"
"a0Dak00000O6QqhEAF","Banda 143"
"a0Dak00000O6QqiEAF","Banda 144"
"a0Dak00000O6QqjEAF","Banda 145"
"a0Dak00000O6QqkEAF","Banda 146"
"a0Dak00000O6QqlEAF","Banda 147"
"a0Dak00000O6QqmEAF","Banda 148"
"a0Dak00000O6QqnEAF","Banda 149"
"a0Dak00000O6QqoEAF","Banda 150"
"a0Dak00000O6QqpEAF","Banda 151"
"a0Dak00000O6QqqEAF","Banda 152"
"a0Dak00000O6QqrEAF","Banda 153"
"a0Dak00000O6QqsEAF","Banda 154"
"a0Dak00000O6QqtEAF","Banda 155"
"a0Dak00000O6QquEAF","Banda 156"
"a0Dak00000O6QqvEAF","Banda 157"
"a0Dak00000O6QqwEAF","Banda 158"
"a0Dak00000O6QqxEAF","Banda 159"
"a0Dak00000O6QqyEAF","Banda 160"
"a0Dak00000O6QqzEAF","Banda 161"
"a0Dak00000O6Qr0EAF","Banda 162"
"a0Dak00000O6Qr1EAF","Banda 163"
"a0Dak00000O6Qr2EAF","Banda 164"
"a0Dak00000O6Qr3EAF","Banda 165"
"a0Dak00000O6Qr4EAF","Banda 166"
"a0Dak00000O6Qr5EAF","Banda 167"
"a0Dak00000O6Qr6EAF","Banda 168"
"a0Dak00000O6Qr7EAF","Banda 169"
"a0Dak00000O6Qr8EAF","Banda 170"
"a0Dak00000O6Qr9EAF","Banda 171"
"a0Dak00000O6QrAEAV","Banda 172"
"a0Dak00000O6QrBEAV","Banda 173"
"a0Dak00000O6QrCEAV","Banda 174"
"a0Dak00000O6QrDEAV","Banda 175"
"a0Dak00000O6QrEEAV","Banda 176"
"a0Dak00000O6QrFEAV","Banda 177"
"a0Dak00000O6QrGEAV","Banda 178"
"a0Dak00000O6QrHEAV","Banda 179"
"a0Dak00000O6QrIEAV","Banda 180"
"a0Dak00000O6QrJEAV","Banda 181"
"a0Dak00000O6QrKEAV","Banda 182"
"a0Dak00000O6QrLEAV","Banda 183"
"a0Dak00000O6QrMEAV","Banda 184"
"a0Dak00000O6QrNEAV","Banda 185"
"a0Dak00000O6QrOEAV","Banda 186"
"a0Dak00000O6QrPEAV","Banda 187"
"a0Dak00000O6QrQEAV","Banda 188"
"a0Dak00000O6QrREAV","Banda 189"
"a0Dak00000O6QrSEAV","Banda 190"
"a0Dak00000O6QrTEAV","Banda 191"
"a0Dak00000O6QrUEAV","Banda 192"
"a0Dak00000O6QrVEAV","Banda 193"
"a0Dak00000O6QrWEAV","Banda 194"
"a0Dak00000O6QrXEAV","Banda 195"
"a0Dak00000O6QrYEAV","Banda 196"
"a0Dak00000O6QrZEAV","Banda 197"
"a0Dak00000O6QraEAF","Banda 198"
"a0Dak00000O6QrbEAF","Banda 199"
"a0Dak00000O6QrcEAF","Banda 200"
"a0Dak00000O6QrdEAF","Banda 201"
"a0Dak00000O6QreEAF","Banda 202"
"a0Dak00000O6QrfEAF","Banda 203"
"a0Dak00000O6QrgEAF","Banda 204"
"a0Dak00000O6QrhEAF","Banda 205"
"a0Dak00000O6QriEAF","Banda 206"
"a0Dak00000O6QrjEAF","Banda 207"
"a0Dak00000O6QrkEAF","Banda 208"
"a0Dak00000O6QrlEAF","Banda 209"
"a0Dak00000O6QrmEAF","Banda 210"
"a0Dak00000O6QrnEAF","Banda 211"
"a0Dak00000O6QroEAF","Banda 212"
"a0Dak00000O6QrpEAF","Banda 213"
"a0Dak00000O6QrqEAF","Banda 214"
"a0Dak00000O6QrrEAF","Banda 215"
"a0Dak00000O6QrsEAF","Banda 216"
"a0Dak00000O6QrtEAF","Banda 217"
"a0Dak00000O6QruEAF","Banda 218"
"a0Dak00000O6QrvEAF","Banda 219"
"a0Dak00000O6QrwEAF","Banda 220"
"a0Dak00000O6QrxEAF","Banda 221"
"a0Dak00000O6QryEAF","Banda 222"
"a0Dak00000O6QrzEAF","Banda 223"
"a0Dak00000O6Qs0EAF","Banda 224"
"a0Dak00000O6Qs1EAF","Banda 225"
"a0Dak00000O6Qs2EAF","Banda 226"
"a0Dak00000O6Qs3EAF","Banda 227"
"a0Dak00000O6Qs4EAF","Banda 228"
"a0Dak00000O6Qs5EAF","Banda 229"
"a0Dak00000O6Qs6EAF","Banda 230"
"a0Dak00000O6Qs7EAF","Banda 231"
"a0Dak00000O6Qs8EAF","Banda 232"
"a0Dak00000O6Qs9EAF","Banda 233"
"a0Dak00000O6QsAEAV","Banda 234"
"a0Dak00000O6QsBEAV","Banda 235"
"a0Dak00000O6QsCEAV","Banda 236"
"a0Dak00000O6QsDEAV","Banda 237"
"a0Dak00000O6QsEEAV","Banda 238"
"a0Dak00000O6QsFEAV","Banda 239"
"a0Dak00000O6QsGEAV","Banda 240"
"a0Dak00000O6QsHEAV","Banda 241"
"a0Dak00000O6QsIEAV","Banda 242"
"a0Dak00000O6QsJEAV","Banda 243"
"a0Dak00000O6QsKEAV","Banda 244"
"a0Dak00000O6QsLEAV","Banda 245"
"a0Dak00000O6QsMEAV","Banda 246"
"a0Dak00000O6QsNEAV","Banda 247"
"a0Dak00000O6QsOEAV","Banda 248"
"a0Dak00000O6QsPEAV","Banda 249"
"a0Dak00000O6QsQEAV","Banda 250"
"a0Dak00000O6QsREAV","Banda 251"
"a0Dak00000O6QsSEAV","Banda 252"
"a0Dak00000O6QsTEAV","Banda 253"
"a0Dak00000O6QsUEAV","Banda 254"
"a0Dak00000O6QsVEAV","Banda 255"
"a0Dak00000O6QsWEAV","Banda 256"
"a0Dak00000O6QsXEAV","Banda 257"
"a0Dak00000O6QsYEAV","Banda 258"
"a0Dak00000O6QsZEAV","Banda 259"
"a0Dak00000O6QsaEAF","Banda 260"
"a0Dak00000O6QsbEAF","Banda 261"
"a0Dak00000O6QscEAF","Banda 262"
"a0Dak00000O6QsdEAF","Banda 263"
"a0Dak00000O6QseEAF","Banda 264"
"a0Dak00000O6QsfEAF","Banda 265"
"a0Dak00000O6QsgEAF","Banda 266"
"a0Dak00000O6QshEAF","Banda 267"
"a0Dak00000O6QsiEAF","Banda 268"
"a0Dak00000O6QsjEAF","Banda 269"
"a0Dak00000O6QskEAF","Banda 270"
"a0Dak00000O6QslEAF","Banda 271"
"a0Dak00000O6QsmEAF","Banda 272"
"a0Dak00000O6QsnEAF","Banda 273"
"a0Dak00000O6QsoEAF","Banda 274"
"a0Dak00000O6QspEAF","Banda 275"
"a0Dak00000O6QsqEAF","Banda 276"
"a0Dak00000O6QsrEAF","Banda 277"
"a0Dak00000O6QssEAF","Banda 278"
"a0Dak00000O6QstEAF","Banda 279"
"a0Dak00000O6QsuEAF","Banda 280"
"a0Dak00000O6QsvEAF","Banda 281"
"a0Dak00000O6QswEAF","Banda 282"
"a0Dak00000O6QsxEAF","Banda 283"
"a0Dak00000O6QsyEAF","Banda 284"
"a0Dak00000O6QszEAF","Banda 285"
"a0Dak00000O6Qt0EAF","Banda 286"
"a0Dak00000O6Qt1EAF","Banda 287"
"a0Dak00000O6Qt2EAF","Banda 288"
"a0Dak00000O6Qt3EAF","Banda 289"
"a0Dak00000O6Qt4EAF","Banda 290"
"a0Dak00000O6Qt5EAF","Banda 291"
"a0Dak00000O6Qt6EAF","Banda 292"
"a0Dak00000O6Qt7EAF","Banda 293"
"a0Dak00000O6Qt8EAF","Banda 294"
"a0Dak00000O6Qt9EAF","Banda 295"
"a0Dak00000O6QtAEAV","Banda 296"
"a0Dak00000O6QtBEAV","Banda 297"
"a0Dak00000O6QtCEAV","Banda 298"
"a0Dak00000O6QtDEAV","Banda 299"
"a0Dak00000O6QtEEAV","Banda 300"
"a0Dak00000O6QtFEAV","Banda 301"
"a0Dak00000O6QtGEAV","Banda 302"
"a0Dak00000O6QtHEAV","Banda 303"
"a0Dak00000O6QtIEAV","Banda 304"
"a0Dak00000O6QtJEAV","Banda 305"
"a0Dak00000O6QtKEAV","Banda 306"
"a0Dak00000O6QtLEAV","Banda 307"
"a0Dak00000O6QtMEAV","Banda 308"
"a0Dak00000O6QtNEAV","Banda 309"
"a0Dak00000O6QtOEAV","Banda 310"
"a0Dak00000O6QtPEAV","Banda 311"
"a0Dak00000O6QtQEAV","Banda 312"
"a0Dak00000O6QtREAV","Banda 313"
"a0Dak00000O6QtSEAV","Banda 314"
"a0Dak00000O6QtTEAV","Banda 315"
"a0Dak00000O6QtUEAV","Banda 316"
"a0Dak00000O6QtVEAV","Banda 317"
"a0Dak00000O6QtWEAV","Banda 318"
"a0Dak00000O6QtXEAV","Banda 319"
"a0Dak00000O6QtYEAV","Banda 320"
"a0Dak00000O6QtZEAV","Banda 321"
"a0Dak00000O6QtaEAF","Banda 322"
"a0Dak00000O6QtbEAF","Banda 323"
"a0Dak00000O6QtcEAF","Banda 324"
"a0Dak00000O6QtdEAF","Banda 325"
"a0Dak00000O6QteEAF","Banda 326"
"a0Dak00000O6QtfEAF","Banda 327"
"a0Dak00000O6QtgEAF","Banda 328"
"a0Dak00000O6QthEAF","Banda 329"
"a0Dak00000O6QtiEAF","Banda 330"
"a0Dak00000O6QtjEAF","Banda 331"
"a0Dak00000O6QtkEAF","Banda 332"
"a0Dak00000O6QtlEAF","Banda 333"
"a0Dak00000O6QtmEAF","Banda 334"
"a0Dak00000O6QtnEAF","Banda 335"
"a0Dak00000O6QtoEAF","Banda 336"
"a0Dak00000O6QtpEAF","Banda 337"
"a0Dak00000O6QtqEAF","Banda 338"
"a0Dak00000O6QtrEAF","Banda 339"
"a0Dak00000O6QtsEAF","Banda 340"
"a0Dak00000O6QttEAF","Banda 341"
"a0Dak00000O6QtuEAF","Banda 342"
"a0Dak00000O6QtvEAF","Banda 343"
"a0Dak00000O6QtwEAF","Banda 344"
"a0Dak00000O6QtxEAF","Banda 345"
"a0Dak00000O6QtyEAF","Banda 346"
"a0Dak00000O6QtzEAF","Banda 347"
"a0Dak00000O6Qu0EAF","Banda 348"
"a0Dak00000O6Qu1EAF","Banda 349"
"a0Dak00000O6Qu2EAF","Banda 350"
"a0Dak00000O6Qu3EAF","Banda 351"
"a0Dak00000O6Qu4EAF","Banda 352"
"a0Dak00000O6Qu5EAF","Banda 353"
"a0Dak00000O6Qu6EAF","Banda 354"
"a0Dak00000O6Qu7EAF","Banda 355"
"a0Dak00000O6Qu8EAF","Banda 356"
"a0Dak00000O6Qu9EAF","Banda 357"
"a0Dak00000O6QuAEAV","Banda 358"
"a0Dak00000O6QuBEAV","Banda 359"
"a0Dak00000O6QuCEAV","Banda 360"
"a0Dak00000O6QuDEAV","Banda 361"
"a0Dak00000O6QuEEAV","Banda 362"
"a0Dak00000O6QuFEAV","Banda 363"
"a0Dak00000O6QuGEAV","Banda 364"
"a0Dak00000O6QuHEAV","Banda 365"
"a0Dak00000O6QuIEAV","Banda 366"
"a0Dak00000O6QuJEAV","Banda 367"
"a0Dak00000O6QuKEAV","Banda 368"
"a0Dak00000O6QuLEAV","Banda 369"
"a0Dak00000O6QuMEAV","Banda 370"
"a0Dak00000O6QuNEAV","Banda 371"
"a0Dak00000O6QuOEAV","Banda 372"
"a0Dak00000O6QuPEAV","Banda 373"
"a0Dak00000O6QuQEAV","Banda 374"
"a0Dak00000O6QuREAV","Banda 375"
"a0Dak00000O6QuSEAV","Banda 376"
"a0Dak00000O6QuTEAV","Banda 377"
"a0Dak00000O6QuUEAV","Banda 378"
"a0Dak00000O6QuVEAV","Banda 379"
"a0Dak00000O6QuWEAV","Banda 380"
"a0Dak00000O6QuXEAV","Banda 381"
"a0Dak00000O6QuYEAV","Banda 382"
"a0Dak00000O6QuZEAV","Banda 383"
"a0Dak00000O6QuaEAF","Banda 384"
"a0Dak00000O6QubEAF","Banda 385"
"a0Dak00000O6QucEAF","Banda 386"
"a0Dak00000O6QudEAF","Banda 387"
"a0Dak00000O6QueEAF","Banda 388"
"a0Dak00000O6QufEAF","Banda 389"
"a0Dak00000O6QugEAF","Banda 390"
"a0Dak00000O6QuhEAF","Banda 391"
"a0Dak00000O6QuiEAF","Banda 392"
"a0Dak00000O6QujEAF","Banda 393"
"a0Dak00000O6QukEAF","Banda 394"
"a0Dak00000O6QulEAF","Banda 395"
"a0Dak00000O6QumEAF","Banda 396"
"a0Dak00000O6QunEAF","Banda 397"
"a0Dak00000O6QuoEAF","Banda 398"
"a0Dak00000O6QupEAF","Banda 399"
"a0Dak00000O6QuqEAF","Banda 400"
"a0Dak00000O6QurEAF","Banda 500"
