Record ID,Nombre del Evento
"a0Eak00000Azas1EAB","Evento 2"
"a0Eak00000Azas2EAB","Evento 3"
"a0Eak00000Azas3EAB","Evento 5"
"a0Eak00000Azas4EAB","Evento 6"
"a0Eak00000Azas5EAB","Evento 7"
"a0Eak00000Azas6EAB","Evento 8"
"a0Eak00000Azas7EAB","Evento 9"
"a0Eak00000Azas8EAB","Evento 10"
"a0Eak00000Azas9EAB","Evento 11"
"a0Eak00000AzasAEAR","Evento 12"
"a0Eak00000AzasBEAR","Evento 14"
"a0Eak00000AzasCEAR","Evento 15"
"a0Eak00000AzasDEAR","Evento 16"
"a0Eak00000AzasEEAR","Evento 17"
"a0Eak00000AzasFEAR","Evento 19"
"a0Eak00000AzasGEAR","Evento 20"
"a0Eak00000AzasHEAR","Evento 21"
"a0Eak00000AzasIEAR","Evento 22"
"a0Eak00000AzasJEAR","Evento 23"
"a0Eak00000AzasKEAR","Evento 24"
"a0Eak00000AzasLEAR","Evento 25"
"a0Eak00000AzasMEAR","Evento 26"
"a0Eak00000AzasNEAR","Evento 27"
"a0Eak00000AzasOEAR","Evento 29"
"a0Eak00000AzasPEAR","Evento 30"
"a0Eak00000AzasQEAR","Evento 31"
"a0Eak00000AzasREAR","Evento 32"
"a0Eak00000AzasSEAR","Evento 33"
"a0Eak00000AzasTEAR","Evento 34"
"a0Eak00000AzasUEAR","Evento 35"
"a0Eak00000AzasVEAR","Evento 36"
"a0Eak00000AzasWEAR","Evento 37"
"a0Eak00000AzasXEAR","Evento 39"
"a0Eak00000AzasYEAR","Evento 40"
"a0Eak00000AzasZEAR","Evento 41"
"a0Eak00000AzasaEAB","Evento 42"
"a0Eak00000AzasbEAB","Evento 43"
"a0Eak00000AzascEAB","Evento 44"
"a0Eak00000AzasdEAB","Evento 45"
"a0Eak00000AzaseEAB","Evento 46"
"a0Eak00000AzasfEAB","Evento 47"
"a0Eak00000AzasgEAB","Evento 48"
"a0Eak00000AzashEAB","Evento 50"
"a0Eak00000AzasiEAB","Evento 51"
"a0Eak00000AzasjEAB","Evento 52"
"a0Eak00000AzaskEAB","Evento 53"
"a0Eak00000AzaslEAB","Evento 54"
"a0Eak00000AzasmEAB","Evento 55"
"a0Eak00000AzasnEAB","Evento 56"
"a0Eak00000AzasoEAB","Evento 57"
"a0Eak00000AzaspEAB","Evento 58"
"a0Eak00000AzasqEAB","Evento 59"
"a0Eak00000AzasrEAB","Evento 60"
"a0Eak00000AzassEAB","Evento 61"
"a0Eak00000AzastEAB","Evento 62"
"a0Eak00000AzasuEAB","Evento 63"
"a0Eak00000AzasvEAB","Evento 64"
"a0Eak00000AzaswEAB","Evento 65"
"a0Eak00000AzasxEAB","Evento 66"
"a0Eak00000AzasyEAB","Evento 67"
"a0Eak00000AzaszEAB","Evento 68"
"a0Eak00000Azat0EAB","Evento 69"
"a0Eak00000Azat1EAB","Evento 70"
"a0Eak00000Azat2EAB","Evento 71"
"a0Eak00000Azat3EAB","Evento 72"
"a0Eak00000Azat4EAB","Evento 73"
"a0Eak00000Azat5EAB","Evento 74"
"a0Eak00000Azat6EAB","Evento 75"
"a0Eak00000Azat7EAB","Evento 76"
"a0Eak00000Azat8EAB","Evento 77"
"a0Eak00000Azat9EAB","Evento 78"
"a0Eak00000AzatAEAR","Evento 79"
"a0Eak00000AzatBEAR","Evento 80"
"a0Eak00000AzatCEAR","Evento 81"
"a0Eak00000AzatDEAR","Evento 83"
"a0Eak00000AzatEEAR","Evento 84"
"a0Eak00000AzatFEAR","Evento 85"
"a0Eak00000AzatGEAR","Evento 86"
"a0Eak00000AzatHEAR","Evento 87"
"a0Eak00000AzatIEAR","Evento 90"
"a0Eak00000AzatJEAR","Evento 92"
"a0Eak00000AzatKEAR","Evento 93"
"a0Eak00000AzatLEAR","Evento 95"
"a0Eak00000AzatMEAR","Evento 96"
"a0Eak00000AzatNEAR","Evento 97"
"a0Eak00000AzatOEAR","Evento 98"
"a0Eak00000AzatPEAR","Evento 99"
"a0Eak00000AzatQEAR","Evento 100"
